Race,Year,Race number,Position,Driver number,First name,Last name,Initials,Car,Laps,Time,Points
bahrain,2023,1,1,1,Max,Verstappen,VER,Red Bull Racing Honda RBPT,57,1:33:56.736,25
bahrain,2023,1,2,11,Sergio,Perez,PER,Red Bull Racing Honda RBPT,57,+11.987s,18
bahrain,2023,1,3,14,Fernando,Alonso,ALO,Aston Martin Aramco Mercedes,57,+38.637s,15
bahrain,2023,1,4,55,Carlos,Sainz,SAI,Ferrari,57,+48.052s,12
bahrain,2023,1,5,44,Lewis,Hamilton,HAM,Mercedes,57,+50.977s,10
bahrain,2023,1,6,18,Lance,Stroll,STR,Aston Martin Aramco Mercedes,57,+54.502s,8
bahrain,2023,1,7,63,George,Russell,RUS,Mercedes,57,+55.873s,6
bahrain,2023,1,8,77,Valtteri,Bottas,BOT,Alfa Romeo Ferrari,57,+72.647s,4
bahrain,2023,1,9,10,Pierre,Gasly,GAS,Alpine Renault,57,+73.753s,2
bahrain,2023,1,10,23,Alexander,Albon,ALB,Williams Mercedes,57,+89.774s,1
bahrain,2023,1,11,22,Yuki,Tsunoda,TSU,AlphaTauri Honda RBPT,57,+90.870s,0
bahrain,2023,1,12,2,Logan,Sargeant,SAR,Williams Mercedes,56,+1 lap,0
bahrain,2023,1,13,20,Kevin,Magnussen,MAG,Haas Ferrari,56,+1 lap,0
bahrain,2023,1,14,21,Nyck,De Vries,DEV,AlphaTauri Honda RBPT,56,+1 lap,0
bahrain,2023,1,15,27,Nico,Hulkenberg,HUL,Haas Ferrari,56,+1 lap,0
bahrain,2023,1,16,24,Guanyu,Zhou,ZHO,Alfa Romeo Ferrari,56,+1 lap,0
bahrain,2023,1,17,4,Lando,Norris,NOR,McLaren Mercedes,55,+2 laps,0
bahrain,2023,1,NC,31,Esteban,Ocon,OCO,Alpine Renault,41,DNF,0
bahrain,2023,1,NC,16,Charles,Leclerc,LEC,Ferrari,39,DNF,0
bahrain,2023,1,NC,81,Oscar,Piastri,PIA,McLaren Mercedes,13,DNF,0
saudi-arabia,2023,2,1,11,Sergio,Perez,PER,Red Bull Racing Honda RBPT,50,1:21:14.894,25
saudi-arabia,2023,2,2,1,Max,Verstappen,VER,Red Bull Racing Honda RBPT,50,+5.355s,19
saudi-arabia,2023,2,3,14,Fernando,Alonso,ALO,Aston Martin Aramco Mercedes,50,+20.728s,15
saudi-arabia,2023,2,4,63,George,Russell,RUS,Mercedes,50,+25.866s,12
saudi-arabia,2023,2,5,44,Lewis,Hamilton,HAM,Mercedes,50,+31.065s,10
saudi-arabia,2023,2,6,55,Carlos,Sainz,SAI,Ferrari,50,+35.876s,8
saudi-arabia,2023,2,7,16,Charles,Leclerc,LEC,Ferrari,50,+43.162s,6
saudi-arabia,2023,2,8,31,Esteban,Ocon,OCO,Alpine Renault,50,+52.832s,4
saudi-arabia,2023,2,9,10,Pierre,Gasly,GAS,Alpine Renault,50,+54.747s,2
saudi-arabia,2023,2,10,20,Kevin,Magnussen,MAG,Haas Ferrari,50,+64.826s,1
saudi-arabia,2023,2,11,22,Yuki,Tsunoda,TSU,AlphaTauri Honda RBPT,50,+67.494s,0
saudi-arabia,2023,2,12,27,Nico,Hulkenberg,HUL,Haas Ferrari,50,+70.588s,0
saudi-arabia,2023,2,13,24,Guanyu,Zhou,ZHO,Alfa Romeo Ferrari,50,+76.060s,0
saudi-arabia,2023,2,14,21,Nyck,De Vries,DEV,AlphaTauri Honda RBPT,50,+77.478s,0
saudi-arabia,2023,2,15,81,Oscar,Piastri,PIA,McLaren Mercedes,50,+85.021s,0
saudi-arabia,2023,2,16,2,Logan,Sargeant,SAR,Williams Mercedes,50,+86.293s,0
saudi-arabia,2023,2,17,4,Lando,Norris,NOR,McLaren Mercedes,50,+86.445s,0
saudi-arabia,2023,2,18,77,Valtteri,Bottas,BOT,Alfa Romeo Ferrari,49,+1 lap,0
saudi-arabia,2023,2,NC,23,Alexander,Albon,ALB,Williams Mercedes,27,DNF,0
saudi-arabia,2023,2,NC,18,Lance,Stroll,STR,Aston Martin Aramco Mercedes,16,DNF,0
australia,2023,3,1,1,Max,Verstappen,VER,Red Bull Racing Honda RBPT,58,2:32:38.371,25
australia,2023,3,2,44,Lewis,Hamilton,HAM,Mercedes,58,+0.179s,18
australia,2023,3,3,14,Fernando,Alonso,ALO,Aston Martin Aramco Mercedes,58,+0.769s,15
australia,2023,3,4,18,Lance,Stroll,STR,Aston Martin Aramco Mercedes,58,+3.082s,12
australia,2023,3,5,11,Sergio,Perez,PER,Red Bull Racing Honda RBPT,58,+3.320s,11
australia,2023,3,6,4,Lando,Norris,NOR,McLaren Mercedes,58,+3.701s,8
australia,2023,3,7,27,Nico,Hulkenberg,HUL,Haas Ferrari,58,+4.939s,6
australia,2023,3,8,81,Oscar,Piastri,PIA,McLaren Mercedes,58,+5.382s,4
australia,2023,3,9,24,Guanyu,Zhou,ZHO,Alfa Romeo Ferrari,58,+5.713s,2
australia,2023,3,10,22,Yuki,Tsunoda,TSU,AlphaTauri Honda RBPT,58,+6.052s,1
australia,2023,3,11,77,Valtteri,Bottas,BOT,Alfa Romeo Ferrari,58,+6.513s,0
australia,2023,3,12,55,Carlos,Sainz,SAI,Ferrari,58,+6.594s,0
australia,2023,3,13,10,Pierre,Gasly,GAS,Alpine Renault,56,DNF,0
australia,2023,3,14,31,Esteban,Ocon,OCO,Alpine Renault,56,DNF,0
australia,2023,3,15,21,Nyck,De Vries,DEV,AlphaTauri Honda RBPT,56,DNF,0
australia,2023,3,16,2,Logan,Sargeant,SAR,Williams Mercedes,56,DNF,0
australia,2023,3,17,20,Kevin,Magnussen,MAG,Haas Ferrari,52,DNF,0
australia,2023,3,NC,63,George,Russell,RUS,Mercedes,17,DNF,0
australia,2023,3,NC,23,Alexander,Albon,ALB,Williams Mercedes,6,DNF,0
australia,2023,3,NC,16,Charles,Leclerc,LEC,Ferrari,0,DNF,0
azerbaijan,2023,4,1,11,Sergio,Perez,PER,Red Bull Racing Honda RBPT,51,1:32:42.436,25
azerbaijan,2023,4,2,1,Max,Verstappen,VER,Red Bull Racing Honda RBPT,51,+2.137s,18
azerbaijan,2023,4,3,16,Charles,Leclerc,LEC,Ferrari,51,+21.217s,15
azerbaijan,2023,4,4,14,Fernando,Alonso,ALO,Aston Martin Aramco Mercedes,51,+22.024s,12
azerbaijan,2023,4,5,55,Carlos,Sainz,SAI,Ferrari,51,+45.491s,10
azerbaijan,2023,4,6,44,Lewis,Hamilton,HAM,Mercedes,51,+46.145s,8
azerbaijan,2023,4,7,18,Lance,Stroll,STR,Aston Martin Aramco Mercedes,51,+51.617s,6
azerbaijan,2023,4,8,63,George,Russell,RUS,Mercedes,51,+74.240s,5
azerbaijan,2023,4,9,4,Lando,Norris,NOR,McLaren Mercedes,51,+80.376s,2
azerbaijan,2023,4,10,22,Yuki,Tsunoda,TSU,AlphaTauri Honda RBPT,51,+83.862s,1
azerbaijan,2023,4,11,81,Oscar,Piastri,PIA,McLaren Mercedes,51,+86.501s,0
azerbaijan,2023,4,12,23,Alexander,Albon,ALB,Williams Mercedes,51,+88.623s,0
azerbaijan,2023,4,13,20,Kevin,Magnussen,MAG,Haas Ferrari,51,+89.729s,0
azerbaijan,2023,4,14,10,Pierre,Gasly,GAS,Alpine Renault,51,+91.332s,0
azerbaijan,2023,4,15,31,Esteban,Ocon,OCO,Alpine Renault,51,+97.794s,0
azerbaijan,2023,4,16,2,Logan,Sargeant,SAR,Williams Mercedes,51,+100.943s,0
azerbaijan,2023,4,17,27,Nico,Hulkenberg,HUL,Haas Ferrari,50,+1 lap,0
azerbaijan,2023,4,18,77,Valtteri,Bottas,BOT,Alfa Romeo Ferrari,50,+1 lap,0
azerbaijan,2023,4,NC,24,Guanyu,Zhou,ZHO,Alfa Romeo Ferrari,36,DNF,0
azerbaijan,2023,4,NC,21,Nyck,De Vries,DEV,AlphaTauri Honda RBPT,9,DNF,0
miami,2023,5,1,1,Max,Verstappen,VER,Red Bull Racing Honda RBPT,57,1:27:38.241,26
miami,2023,5,2,11,Sergio,Perez,PER,Red Bull Racing Honda RBPT,57,+5.384s,18
miami,2023,5,3,14,Fernando,Alonso,ALO,Aston Martin Aramco Mercedes,57,+26.305s,15
miami,2023,5,4,63,George,Russell,RUS,Mercedes,57,+33.229s,12
miami,2023,5,5,55,Carlos,Sainz,SAI,Ferrari,57,+42.511s,10
miami,2023,5,6,44,Lewis,Hamilton,HAM,Mercedes,57,+51.249s,8
miami,2023,5,7,16,Charles,Leclerc,LEC,Ferrari,57,+52.988s,6
miami,2023,5,8,10,Pierre,Gasly,GAS,Alpine Renault,57,+55.670s,4
miami,2023,5,9,31,Esteban,Ocon,OCO,Alpine Renault,57,+58.123s,2
miami,2023,5,10,20,Kevin,Magnussen,MAG,Haas Ferrari,57,+62.945s,1
miami,2023,5,11,22,Yuki,Tsunoda,TSU,AlphaTauri Honda RBPT,57,+64.309s,0
miami,2023,5,12,18,Lance,Stroll,STR,Aston Martin Aramco Mercedes,57,+64.754s,0
miami,2023,5,13,77,Valtteri,Bottas,BOT,Alfa Romeo Ferrari,57,+71.637s,0
miami,2023,5,14,23,Alexander,Albon,ALB,Williams Mercedes,57,+72.861s,0
miami,2023,5,15,27,Nico,Hulkenberg,HUL,Haas Ferrari,57,+74.950s,0
miami,2023,5,16,24,Guanyu,Zhou,ZHO,Alfa Romeo Ferrari,57,+78.440s,0
miami,2023,5,17,4,Lando,Norris,NOR,McLaren Mercedes,57,+87.717s,0
miami,2023,5,18,21,Nyck,De Vries,DEV,AlphaTauri Honda RBPT,57,+88.949s,0
miami,2023,5,19,81,Oscar,Piastri,PIA,McLaren Mercedes,56,+1 lap,0
miami,2023,5,20,2,Logan,Sargeant,SAR,Williams Mercedes,56,+1 lap,0
monaco,2023,6,1,1,Max,Verstappen,VER,Red Bull Racing Honda RBPT,78,1:48:51.980,25
monaco,2023,6,2,14,Fernando,Alonso,ALO,Aston Martin Aramco Mercedes,78,+27.921s,18
monaco,2023,6,3,31,Esteban,Ocon,OCO,Alpine Renault,78,+36.990s,15
monaco,2023,6,4,44,Lewis,Hamilton,HAM,Mercedes,78,+39.062s,13
monaco,2023,6,5,63,George,Russell,RUS,Mercedes,78,+56.284s,10
monaco,2023,6,6,16,Charles,Leclerc,LEC,Ferrari,78,+61.890s,8
monaco,2023,6,7,10,Pierre,Gasly,GAS,Alpine Renault,78,+62.362s,6
monaco,2023,6,8,55,Carlos,Sainz,SAI,Ferrari,78,+63.391s,4
monaco,2023,6,9,4,Lando,Norris,NOR,McLaren Mercedes,77,+1 lap,2
monaco,2023,6,10,81,Oscar,Piastri,PIA,McLaren Mercedes,77,+1 lap,1
monaco,2023,6,11,77,Valtteri,Bottas,BOT,Alfa Romeo Ferrari,77,+1 lap,0
monaco,2023,6,12,21,Nyck,De Vries,DEV,AlphaTauri Honda RBPT,77,+1 lap,0
monaco,2023,6,13,24,Guanyu,Zhou,ZHO,Alfa Romeo Ferrari,77,+1 lap,0
monaco,2023,6,14,23,Alexander,Albon,ALB,Williams Mercedes,77,+1 lap,0
monaco,2023,6,15,22,Yuki,Tsunoda,TSU,AlphaTauri Honda RBPT,76,+2 laps,0
monaco,2023,6,16,11,Sergio,Perez,PER,Red Bull Racing Honda RBPT,76,+2 laps,0
monaco,2023,6,17,27,Nico,Hulkenberg,HUL,Haas Ferrari,76,+2 laps,0
monaco,2023,6,18,2,Logan,Sargeant,SAR,Williams Mercedes,76,+2 laps,0
monaco,2023,6,19,20,Kevin,Magnussen,MAG,Haas Ferrari,70,DNF,0
monaco,2023,6,NC,18,Lance,Stroll,STR,Aston Martin Aramco Mercedes,53,DNF,0
spain,2023,7,1,1,Max,Verstappen,VER,Red Bull Racing Honda RBPT,66,1:27:57.940,26
spain,2023,7,2,44,Lewis,Hamilton,HAM,Mercedes,66,+24.090s,18
spain,2023,7,3,63,George,Russell,RUS,Mercedes,66,+32.389s,15
spain,2023,7,4,11,Sergio,Perez,PER,Red Bull Racing Honda RBPT,66,+35.812s,12
spain,2023,7,5,55,Carlos,Sainz,SAI,Ferrari,66,+45.698s,10
spain,2023,7,6,18,Lance,Stroll,STR,Aston Martin Aramco Mercedes,66,+63.320s,8
spain,2023,7,7,14,Fernando,Alonso,ALO,Aston Martin Aramco Mercedes,66,+64.127s,6
spain,2023,7,8,31,Esteban,Ocon,OCO,Alpine Renault,66,+69.242s,4
spain,2023,7,9,24,Guanyu,Zhou,ZHO,Alfa Romeo Ferrari,66,+71.878s,2
spain,2023,7,10,10,Pierre,Gasly,GAS,Alpine Renault,66,+73.530s,1
spain,2023,7,11,16,Charles,Leclerc,LEC,Ferrari,66,+74.419s,0
spain,2023,7,12,22,Yuki,Tsunoda,TSU,AlphaTauri Honda RBPT,66,+75.416s,0
spain,2023,7,13,81,Oscar,Piastri,PIA,McLaren Mercedes,65,+1 lap,0
spain,2023,7,14,21,Nyck,De Vries,DEV,AlphaTauri Honda RBPT,65,+1 lap,0
spain,2023,7,15,27,Nico,Hulkenberg,HUL,Haas Ferrari,65,+1 lap,0
spain,2023,7,16,23,Alexander,Albon,ALB,Williams Mercedes,65,+1 lap,0
spain,2023,7,17,4,Lando,Norris,NOR,McLaren Mercedes,65,+1 lap,0
spain,2023,7,18,20,Kevin,Magnussen,MAG,Haas Ferrari,65,+1 lap,0
spain,2023,7,19,77,Valtteri,Bottas,BOT,Alfa Romeo Ferrari,65,+1 lap,0
spain,2023,7,20,2,Logan,Sargeant,SAR,Williams Mercedes,65,+1 lap,0
canada,2023,8,1,1,Max,Verstappen,VER,Red Bull Racing Honda RBPT,70,1:33:58.348,25
canada,2023,8,2,14,Fernando,Alonso,ALO,Aston Martin Aramco Mercedes,70,+9.570s,18
canada,2023,8,3,44,Lewis,Hamilton,HAM,Mercedes,70,+14.168s,15
canada,2023,8,4,16,Charles,Leclerc,LEC,Ferrari,70,+18.648s,12
canada,2023,8,5,55,Carlos,Sainz,SAI,Ferrari,70,+21.540s,10
canada,2023,8,6,11,Sergio,Perez,PER,Red Bull Racing Honda RBPT,70,+51.028s,9
canada,2023,8,7,23,Alexander,Albon,ALB,Williams Mercedes,70,+60.813s,6
canada,2023,8,8,31,Esteban,Ocon,OCO,Alpine Renault,70,+61.692s,4
canada,2023,8,9,18,Lance,Stroll,STR,Aston Martin Aramco Mercedes,70,+64.402s,2
canada,2023,8,10,77,Valtteri,Bottas,BOT,Alfa Romeo Ferrari,70,+64.432s,1
canada,2023,8,11,81,Oscar,Piastri,PIA,McLaren Mercedes,70,+65.101s,0
canada,2023,8,12,10,Pierre,Gasly,GAS,Alpine Renault,70,+65.249s,0
canada,2023,8,13,4,Lando,Norris,NOR,McLaren Mercedes,70,+68.363s,0
canada,2023,8,14,22,Yuki,Tsunoda,TSU,AlphaTauri Honda RBPT,70,+73.423s,0
canada,2023,8,15,27,Nico,Hulkenberg,HUL,Haas Ferrari,69,+1 lap,0
canada,2023,8,16,24,Guanyu,Zhou,ZHO,Alfa Romeo Ferrari,69,+1 lap,0
canada,2023,8,17,20,Kevin,Magnussen,MAG,Haas Ferrari,69,+1 lap,0
canada,2023,8,18,21,Nyck,De Vries,DEV,AlphaTauri Honda RBPT,69,+1 lap,0
canada,2023,8,NC,63,George,Russell,RUS,Mercedes,53,DNF,0
canada,2023,8,NC,2,Logan,Sargeant,SAR,Williams Mercedes,6,DNF,0
austria,2023,9,1,1,Max,Verstappen,VER,Red Bull Racing Honda RBPT,71,1:25:33.607,26
austria,2023,9,2,16,Charles,Leclerc,LEC,Ferrari,71,+5.155s,18
austria,2023,9,3,11,Sergio,Perez,PER,Red Bull Racing Honda RBPT,71,+17.188s,15
austria,2023,9,4,4,Lando,Norris,NOR,McLaren Mercedes,71,+26.327s,12
austria,2023,9,5,14,Fernando,Alonso,ALO,Aston Martin Aramco Mercedes,71,+30.317s,10
austria,2023,9,6,55,Carlos,Sainz,SAI,Ferrari,71,+31.377s,8
austria,2023,9,7,63,George,Russell,RUS,Mercedes,71,+48.403s,6
austria,2023,9,8,44,Lewis,Hamilton,HAM,Mercedes,71,+49.196s,4
austria,2023,9,9,18,Lance,Stroll,STR,Aston Martin Aramco Mercedes,71,+59.043s,2
austria,2023,9,10,10,Pierre,Gasly,GAS,Alpine Renault,71,+67.667s,1
austria,2023,9,11,23,Alexander,Albon,ALB,Williams Mercedes,71,+79.767s,0
austria,2023,9,12,24,Guanyu,Zhou,ZHO,Alfa Romeo Ferrari,70,+1 lap,0
austria,2023,9,13,2,Logan,Sargeant,SAR,Williams Mercedes,70,+1 lap,0
austria,2023,9,14,31,Esteban,Ocon,OCO,Alpine Renault,70,+1 lap,0
austria,2023,9,15,77,Valtteri,Bottas,BOT,Alfa Romeo Ferrari,70,+1 lap,0
austria,2023,9,16,81,Oscar,Piastri,PIA,McLaren Mercedes,70,+1 lap,0
austria,2023,9,17,21,Nyck,De Vries,DEV,AlphaTauri Honda RBPT,70,+1 lap,0
austria,2023,9,18,20,Kevin,Magnussen,MAG,Haas Ferrari,70,+1 lap,0
austria,2023,9,19,22,Yuki,Tsunoda,TSU,AlphaTauri Honda RBPT,70,+1 lap,0
austria,2023,9,NC,27,Nico,Hulkenberg,HUL,Haas Ferrari,12,DNF,0
great-britain,2023,10,1,1,Max,Verstappen,VER,Red Bull Racing Honda RBPT,52,1:25:16.938,26
great-britain,2023,10,2,4,Lando,Norris,NOR,McLaren Mercedes,52,+3.798s,18
great-britain,2023,10,3,44,Lewis,Hamilton,HAM,Mercedes,52,+6.783s,15
great-britain,2023,10,4,81,Oscar,Piastri,PIA,McLaren Mercedes,52,+7.776s,12
great-britain,2023,10,5,63,George,Russell,RUS,Mercedes,52,+11.206s,10
great-britain,2023,10,6,11,Sergio,Perez,PER,Red Bull Racing Honda RBPT,52,+12.882s,8
great-britain,2023,10,7,14,Fernando,Alonso,ALO,Aston Martin Aramco Mercedes,52,+17.193s,6
great-britain,2023,10,8,23,Alexander,Albon,ALB,Williams Mercedes,52,+17.878s,4
great-britain,2023,10,9,16,Charles,Leclerc,LEC,Ferrari,52,+18.689s,2
great-britain,2023,10,10,55,Carlos,Sainz,SAI,Ferrari,52,+19.448s,1
great-britain,2023,10,11,2,Logan,Sargeant,SAR,Williams Mercedes,52,+23.632s,0
great-britain,2023,10,12,77,Valtteri,Bottas,BOT,Alfa Romeo Ferrari,52,+25.830s,0
great-britain,2023,10,13,27,Nico,Hulkenberg,HUL,Haas Ferrari,52,+26.663s,0
great-britain,2023,10,14,18,Lance,Stroll,STR,Aston Martin Aramco Mercedes,52,+27.483s,0
great-britain,2023,10,15,24,Guanyu,Zhou,ZHO,Alfa Romeo Ferrari,52,+29.820s,0
great-britain,2023,10,16,22,Yuki,Tsunoda,TSU,AlphaTauri Honda RBPT,52,+31.225s,0
great-britain,2023,10,17,21,Nyck,De Vries,DEV,AlphaTauri Honda RBPT,52,+33.128s,0
great-britain,2023,10,18,10,Pierre,Gasly,GAS,Alpine Renault,46,DNF,0
great-britain,2023,10,NC,20,Kevin,Magnussen,MAG,Haas Ferrari,31,DNF,0
great-britain,2023,10,NC,31,Esteban,Ocon,OCO,Alpine Renault,9,DNF,0
hungary,2023,11,1,1,Max,Verstappen,VER,Red Bull Racing Honda RBPT,70,1:38:08.634,26
hungary,2023,11,2,4,Lando,Norris,NOR,McLaren Mercedes,70,+33.731s,18
hungary,2023,11,3,11,Sergio,Perez,PER,Red Bull Racing Honda RBPT,70,+37.603s,15
hungary,2023,11,4,44,Lewis,Hamilton,HAM,Mercedes,70,+39.134s,12
hungary,2023,11,5,81,Oscar,Piastri,PIA,McLaren Mercedes,70,+62.572s,10
hungary,2023,11,6,63,George,Russell,RUS,Mercedes,70,+65.825s,8
hungary,2023,11,7,16,Charles,Leclerc,LEC,Ferrari,70,+70.317s,6
hungary,2023,11,8,55,Carlos,Sainz,SAI,Ferrari,70,+71.073s,4
hungary,2023,11,9,14,Fernando,Alonso,ALO,Aston Martin Aramco Mercedes,70,+75.709s,2
hungary,2023,11,10,18,Lance,Stroll,STR,Aston Martin Aramco Mercedes,69,+1 lap,1
hungary,2023,11,11,23,Alexander,Albon,ALB,Williams Mercedes,69,+1 lap,0
hungary,2023,11,12,77,Valtteri,Bottas,BOT,Alfa Romeo Ferrari,69,+1 lap,0
hungary,2023,11,13,3,Daniel,Ricciardo,RIC,AlphaTauri Honda RBPT,69,+1 lap,0
hungary,2023,11,14,27,Nico,Hulkenberg,HUL,Haas Ferrari,69,+1 lap,0
hungary,2023,11,15,22,Yuki,Tsunoda,TSU,AlphaTauri Honda RBPT,69,+1 lap,0
hungary,2023,11,16,24,Guanyu,Zhou,ZHO,Alfa Romeo Ferrari,69,+1 lap,0
hungary,2023,11,17,20,Kevin,Magnussen,MAG,Haas Ferrari,69,+1 lap,0
hungary,2023,11,18,2,Logan,Sargeant,SAR,Williams Mercedes,67,DNF,0
hungary,2023,11,NC,31,Esteban,Ocon,OCO,Alpine Renault,2,DNF,0
hungary,2023,11,NC,10,Pierre,Gasly,GAS,Alpine Renault,1,DNF,0
belgium,2023,12,1,1,Max,Verstappen,VER,Red Bull Racing Honda RBPT,44,1:22:30.450,25
belgium,2023,12,2,11,Sergio,Perez,PER,Red Bull Racing Honda RBPT,44,+22.305s,18
belgium,2023,12,3,16,Charles,Leclerc,LEC,Ferrari,44,+32.259s,15
belgium,2023,12,4,44,Lewis,Hamilton,HAM,Mercedes,44,+49.671s,13
belgium,2023,12,5,14,Fernando,Alonso,ALO,Aston Martin Aramco Mercedes,44,+56.184s,10
belgium,2023,12,6,63,George,Russell,RUS,Mercedes,44,+63.101s,8
belgium,2023,12,7,4,Lando,Norris,NOR,McLaren Mercedes,44,+73.719s,6
belgium,2023,12,8,31,Esteban,Ocon,OCO,Alpine Renault,44,+74.719s,4
belgium,2023,12,9,18,Lance,Stroll,STR,Aston Martin Aramco Mercedes,44,+79.340s,2
belgium,2023,12,10,22,Yuki,Tsunoda,TSU,AlphaTauri Honda RBPT,44,+80.221s,1
belgium,2023,12,11,10,Pierre,Gasly,GAS,Alpine Renault,44,+83.084s,0
belgium,2023,12,12,77,Valtteri,Bottas,BOT,Alfa Romeo Ferrari,44,+85.191s,0
belgium,2023,12,13,24,Guanyu,Zhou,ZHO,Alfa Romeo Ferrari,44,+95.441s,0
belgium,2023,12,14,23,Alexander,Albon,ALB,Williams Mercedes,44,+96.184s,0
belgium,2023,12,15,20,Kevin,Magnussen,MAG,Haas Ferrari,44,+101.754s,0
belgium,2023,12,16,3,Daniel,Ricciardo,RIC,AlphaTauri Honda RBPT,44,+103.071s,0
belgium,2023,12,17,2,Logan,Sargeant,SAR,Williams Mercedes,44,+104.476s,0
belgium,2023,12,18,27,Nico,Hulkenberg,HUL,Haas Ferrari,44,+110.450s,0
belgium,2023,12,NC,55,Carlos,Sainz,SAI,Ferrari,23,DNF,0
belgium,2023,12,NC,81,Oscar,Piastri,PIA,McLaren Mercedes,0,DNF,0
netherlands,2023,13,1,1,Max,Verstappen,VER,Red Bull Racing Honda RBPT,72,2:24:04.411,25
netherlands,2023,13,2,14,Fernando,Alonso,ALO,Aston Martin Aramco Mercedes,72,+3.744s,19
netherlands,2023,13,3,10,Pierre,Gasly,GAS,Alpine Renault,72,+7.058s,15
netherlands,2023,13,4,11,Sergio,Perez,PER,Red Bull Racing Honda RBPT,72,+10.068s,12
netherlands,2023,13,5,55,Carlos,Sainz,SAI,Ferrari,72,+12.541s,10
netherlands,2023,13,6,44,Lewis,Hamilton,HAM,Mercedes,72,+13.209s,8
netherlands,2023,13,7,4,Lando,Norris,NOR,McLaren Mercedes,72,+13.232s,6
netherlands,2023,13,8,23,Alexander,Albon,ALB,Williams Mercedes,72,+15.155s,4
netherlands,2023,13,9,81,Oscar,Piastri,PIA,McLaren Mercedes,72,+16.580s,2
netherlands,2023,13,10,31,Esteban,Ocon,OCO,Alpine Renault,72,+18.346s,1
netherlands,2023,13,11,18,Lance,Stroll,STR,Aston Martin Aramco Mercedes,72,+20.087s,0
netherlands,2023,13,12,27,Nico,Hulkenberg,HUL,Haas Ferrari,72,+20.840s,0
netherlands,2023,13,13,40,Liam,Lawson,LAW,AlphaTauri Honda RBPT,72,+26.147s,0
netherlands,2023,13,14,77,Valtteri,Bottas,BOT,Alfa Romeo Ferrari,72,+27.388s,0
netherlands,2023,13,15,22,Yuki,Tsunoda,TSU,AlphaTauri Honda RBPT,72,+29.893s,0
netherlands,2023,13,16,20,Kevin,Magnussen,MAG,Haas Ferrari,72,+31.410s,0
netherlands,2023,13,17,63,George,Russell,RUS,Mercedes,72,+55.754s,0
netherlands,2023,13,NC,24,Guanyu,Zhou,ZHO,Alfa Romeo Ferrari,62,DNF,0
netherlands,2023,13,NC,16,Charles,Leclerc,LEC,Ferrari,41,DNF,0
netherlands,2023,13,NC,2,Logan,Sargeant,SAR,Williams Mercedes,14,DNF,0
italy,2023,14,1,1,Max,Verstappen,VER,Red Bull Racing Honda RBPT,51,1:13:41.143,25
italy,2023,14,2,11,Sergio,Perez,PER,Red Bull Racing Honda RBPT,51,+6.064s,18
italy,2023,14,3,55,Carlos,Sainz,SAI,Ferrari,51,+11.193s,15
italy,2023,14,4,16,Charles,Leclerc,LEC,Ferrari,51,+11.377s,12
italy,2023,14,5,63,George,Russell,RUS,Mercedes,51,+23.028s,10
italy,2023,14,6,44,Lewis,Hamilton,HAM,Mercedes,51,+42.679s,8
italy,2023,14,7,23,Alexander,Albon,ALB,Williams Mercedes,51,+45.106s,6
italy,2023,14,8,4,Lando,Norris,NOR,McLaren Mercedes,51,+45.449s,4
italy,2023,14,9,14,Fernando,Alonso,ALO,Aston Martin Aramco Mercedes,51,+46.294s,2
italy,2023,14,10,77,Valtteri,Bottas,BOT,Alfa Romeo Ferrari,51,+64.056s,1
italy,2023,14,11,40,Liam,Lawson,LAW,AlphaTauri Honda RBPT,51,+70.638s,0
italy,2023,14,12,81,Oscar,Piastri,PIA,McLaren Mercedes,51,+73.074s,0
italy,2023,14,13,2,Logan,Sargeant,SAR,Williams Mercedes,51,+78.557s,0
italy,2023,14,14,24,Guanyu,Zhou,ZHO,Alfa Romeo Ferrari,51,+80.164s,0
italy,2023,14,15,10,Pierre,Gasly,GAS,Alpine Renault,51,+82.510s,0
italy,2023,14,16,18,Lance,Stroll,STR,Aston Martin Aramco Mercedes,51,+87.266s,0
italy,2023,14,17,27,Nico,Hulkenberg,HUL,Haas Ferrari,50,+1 lap,0
italy,2023,14,18,20,Kevin,Magnussen,MAG,Haas Ferrari,50,+1 lap,0
italy,2023,14,NC,31,Esteban,Ocon,OCO,Alpine Renault,39,DNF,0
italy,2023,14,NC,22,Yuki,Tsunoda,TSU,AlphaTauri Honda RBPT,0,DNS,0
singapore,2023,15,1,55,Carlos,Sainz,SAI,Ferrari,62,1:46:37.418,25
singapore,2023,15,2,4,Lando,Norris,NOR,McLaren Mercedes,62,+0.812s,18
singapore,2023,15,3,44,Lewis,Hamilton,HAM,Mercedes,62,+1.269s,16
singapore,2023,15,4,16,Charles,Leclerc,LEC,Ferrari,62,+21.177s,12
singapore,2023,15,5,1,Max,Verstappen,VER,Red Bull Racing Honda RBPT,62,+21.441s,10
singapore,2023,15,6,10,Pierre,Gasly,GAS,Alpine Renault,62,+38.441s,8
singapore,2023,15,7,81,Oscar,Piastri,PIA,McLaren Mercedes,62,+41.479s,6
singapore,2023,15,8,11,Sergio,Perez,PER,Red Bull Racing Honda RBPT,62,+59.534s,4
singapore,2023,15,9,40,Liam,Lawson,LAW,AlphaTauri Honda RBPT,62,+65.918s,2
singapore,2023,15,10,20,Kevin,Magnussen,MAG,Haas Ferrari,62,+72.116s,1
singapore,2023,15,11,23,Alexander,Albon,ALB,Williams Mercedes,62,+73.417s,0
singapore,2023,15,12,24,Guanyu,Zhou,ZHO,Alfa Romeo Ferrari,62,+83.649s,0
singapore,2023,15,13,27,Nico,Hulkenberg,HUL,Haas Ferrari,62,+86.201s,0
singapore,2023,15,14,2,Logan,Sargeant,SAR,Williams Mercedes,62,+86.889s,0
singapore,2023,15,15,14,Fernando,Alonso,ALO,Aston Martin Aramco Mercedes,62,+87.603s,0
singapore,2023,15,16,63,George,Russell,RUS,Mercedes,61,DNF,0
singapore,2023,15,NC,77,Valtteri,Bottas,BOT,Alfa Romeo Ferrari,51,DNF,0
singapore,2023,15,NC,31,Esteban,Ocon,OCO,Alpine Renault,42,DNF,0
singapore,2023,15,NC,22,Yuki,Tsunoda,TSU,AlphaTauri Honda RBPT,0,DNF,0
japan,2023,16,1,1,Max,Verstappen,VER,Red Bull Racing Honda RBPT,53,1:30:58.421,26
japan,2023,16,2,4,Lando,Norris,NOR,McLaren Mercedes,53,+19.387s,18
japan,2023,16,3,81,Oscar,Piastri,PIA,McLaren Mercedes,53,+36.494s,15
japan,2023,16,4,16,Charles,Leclerc,LEC,Ferrari,53,+43.998s,12
japan,2023,16,5,44,Lewis,Hamilton,HAM,Mercedes,53,+49.376s,10
japan,2023,16,6,55,Carlos,Sainz,SAI,Ferrari,53,+50.221s,8
japan,2023,16,7,63,George,Russell,RUS,Mercedes,53,+57.659s,6
japan,2023,16,8,14,Fernando,Alonso,ALO,Aston Martin Aramco Mercedes,53,+74.725s,4
japan,2023,16,9,31,Esteban,Ocon,OCO,Alpine Renault,53,+79.678s,2
japan,2023,16,10,10,Pierre,Gasly,GAS,Alpine Renault,53,+83.155s,1
japan,2023,16,11,40,Liam,Lawson,LAW,AlphaTauri Honda RBPT,52,+1 lap,0
japan,2023,16,12,22,Yuki,Tsunoda,TSU,AlphaTauri Honda RBPT,52,+1 lap,0
japan,2023,16,13,24,Guanyu,Zhou,ZHO,Alfa Romeo Ferrari,52,+1 lap,0
japan,2023,16,14,27,Nico,Hulkenberg,HUL,Haas Ferrari,52,+1 lap,0
japan,2023,16,15,20,Kevin,Magnussen,MAG,Haas Ferrari,52,+1 lap,0
japan,2023,16,NC,23,Alexander,Albon,ALB,Williams Mercedes,26,DNF,0
japan,2023,16,NC,2,Logan,Sargeant,SAR,Williams Mercedes,22,DNF,0
japan,2023,16,NC,18,Lance,Stroll,STR,Aston Martin Aramco Mercedes,20,DNF,0
japan,2023,16,NC,11,Sergio,Perez,PER,Red Bull Racing Honda RBPT,15,DNF,0
japan,2023,16,NC,77,Valtteri,Bottas,BOT,Alfa Romeo Ferrari,7,DNF,0
qatar,2023,17,1,1,Max,Verstappen,VER,Red Bull Racing Honda RBPT,57,1:27:39.168,26
qatar,2023,17,2,81,Oscar,Piastri,PIA,McLaren Mercedes,57,+4.833s,18
qatar,2023,17,3,4,Lando,Norris,NOR,McLaren Mercedes,57,+5.969s,15
qatar,2023,17,4,63,George,Russell,RUS,Mercedes,57,+34.119s,12
qatar,2023,17,5,16,Charles,Leclerc,LEC,Ferrari,57,+38.976s,10
qatar,2023,17,6,14,Fernando,Alonso,ALO,Aston Martin Aramco Mercedes,57,+49.032s,8
qatar,2023,17,7,31,Esteban,Ocon,OCO,Alpine Renault,57,+62.390s,6
qatar,2023,17,8,77,Valtteri,Bottas,BOT,Alfa Romeo Ferrari,57,+66.563s,4
qatar,2023,17,9,24,Guanyu,Zhou,ZHO,Alfa Romeo Ferrari,57,+76.127s,2
qatar,2023,17,10,11,Sergio,Perez,PER,Red Bull Racing Honda RBPT,57,+80.181s,1
qatar,2023,17,11,18,Lance,Stroll,STR,Aston Martin Aramco Mercedes,57,+81.652s,0
qatar,2023,17,12,10,Pierre,Gasly,GAS,Alpine Renault,57,+82.300s,0
qatar,2023,17,13,23,Alexander,Albon,ALB,Williams Mercedes,57,+91.014s,0
qatar,2023,17,14,20,Kevin,Magnussen,MAG,Haas Ferrari,56,+1 lap,0
qatar,2023,17,15,22,Yuki,Tsunoda,TSU,AlphaTauri Honda RBPT,56,+1 lap,0
qatar,2023,17,16,27,Nico,Hulkenberg,HUL,Haas Ferrari,56,+1 lap,0
qatar,2023,17,17,40,Liam,Lawson,LAW,AlphaTauri Honda RBPT,56,+1 lap,0
qatar,2023,17,NC,2,Logan,Sargeant,SAR,Williams Mercedes,40,DNF,0
qatar,2023,17,NC,44,Lewis,Hamilton,HAM,Mercedes,0,DNF,0
qatar,2023,17,NC,55,Carlos,Sainz,SAI,Ferrari,0,DNS,0
united-states,2023,18,1,1,Max,Verstappen,VER,Red Bull Racing Honda RBPT,56,1:35:21.362,25
united-states,2023,18,DQ,44,Lewis,Hamilton,HAM,Mercedes,56,+2.225s,0
united-states,2023,18,2,4,Lando,Norris,NOR,McLaren Mercedes,56,+10.730s,18
united-states,2023,18,3,55,Carlos,Sainz,SAI,Ferrari,56,+15.134s,15
united-states,2023,18,4,11,Sergio,Perez,PER,Red Bull Racing Honda RBPT,56,+18.460s,12
united-states,2023,18,DQ,16,Charles,Leclerc,LEC,Ferrari,56,+24.662s,0
united-states,2023,18,5,63,George,Russell,RUS,Mercedes,56,+24.999s,10
united-states,2023,18,6,10,Pierre,Gasly,GAS,Alpine Renault,56,+47.996s,8
united-states,2023,18,7,18,Lance,Stroll,STR,Aston Martin Aramco Mercedes,56,+48.696s,6
united-states,2023,18,8,22,Yuki,Tsunoda,TSU,AlphaTauri Honda RBPT,56,+74.385s,5
united-states,2023,18,9,23,Alexander,Albon,ALB,Williams Mercedes,56,+86.714s,2
united-states,2023,18,10,2,Logan,Sargeant,SAR,Williams Mercedes,56,+87.998s,1
united-states,2023,18,11,27,Nico,Hulkenberg,HUL,Haas Ferrari,56,+89.904s,0
united-states,2023,18,12,77,Valtteri,Bottas,BOT,Alfa Romeo Ferrari,56,+98.601s,0
united-states,2023,18,13,24,Guanyu,Zhou,ZHO,Alfa Romeo Ferrari,55,+1 lap,0
united-states,2023,18,14,20,Kevin,Magnussen,MAG,Haas Ferrari,55,+1 lap,0
united-states,2023,18,15,3,Daniel,Ricciardo,RIC,AlphaTauri Honda RBPT,55,+1 lap,0
united-states,2023,18,NC,14,Fernando,Alonso,ALO,Aston Martin Aramco Mercedes,49,DNF,0
united-states,2023,18,NC,81,Oscar,Piastri,PIA,McLaren Mercedes,10,DNF,0
united-states,2023,18,NC,31,Esteban,Ocon,OCO,Alpine Renault,6,DNF,0
mexico,2023,19,1,1,Max,Verstappen,VER,Red Bull Racing Honda RBPT,71,2:02:30.814,25
mexico,2023,19,2,44,Lewis,Hamilton,HAM,Mercedes,71,+13.875s,19
mexico,2023,19,3,16,Charles,Leclerc,LEC,Ferrari,71,+23.124s,15
mexico,2023,19,4,55,Carlos,Sainz,SAI,Ferrari,71,+27.154s,12
mexico,2023,19,5,4,Lando,Norris,NOR,McLaren Mercedes,71,+33.266s,10
mexico,2023,19,6,63,George,Russell,RUS,Mercedes,71,+41.020s,8
mexico,2023,19,7,3,Daniel,Ricciardo,RIC,AlphaTauri Honda RBPT,71,+41.570s,6
mexico,2023,19,8,81,Oscar,Piastri,PIA,McLaren Mercedes,71,+43.104s,4
mexico,2023,19,9,23,Alexander,Albon,ALB,Williams Mercedes,71,+48.573s,2
mexico,2023,19,10,31,Esteban,Ocon,OCO,Alpine Renault,71,+62.879s,1
mexico,2023,19,11,10,Pierre,Gasly,GAS,Alpine Renault,71,+66.208s,0
mexico,2023,19,12,22,Yuki,Tsunoda,TSU,AlphaTauri Honda RBPT,71,+78.982s,0
mexico,2023,19,13,27,Nico,Hulkenberg,HUL,Haas Ferrari,71,+80.309s,0
mexico,2023,19,14,24,Guanyu,Zhou,ZHO,Alfa Romeo Ferrari,71,+81.676s,0
mexico,2023,19,15,77,Valtteri,Bottas,BOT,Alfa Romeo Ferrari,71,+85.597s,0
mexico,2023,19,16,2,Logan,Sargeant,SAR,Williams Mercedes,70,DNF,0
mexico,2023,19,17,18,Lance,Stroll,STR,Aston Martin Aramco Mercedes,66,DNF,0
mexico,2023,19,NC,14,Fernando,Alonso,ALO,Aston Martin Aramco Mercedes,47,DNF,0
mexico,2023,19,NC,20,Kevin,Magnussen,MAG,Haas Ferrari,31,DNF,0
mexico,2023,19,NC,11,Sergio,Perez,PER,Red Bull Racing Honda RBPT,1,DNF,0
brazil,2023,20,1,1,Max,Verstappen,VER,Red Bull Racing Honda RBPT,71,1:56:48.894,25
brazil,2023,20,2,4,Lando,Norris,NOR,McLaren Mercedes,71,+8.277s,19
brazil,2023,20,3,14,Fernando,Alonso,ALO,Aston Martin Aramco Mercedes,71,+34.155s,15
brazil,2023,20,4,11,Sergio,Perez,PER,Red Bull Racing Honda RBPT,71,+34.208s,12
brazil,2023,20,5,18,Lance,Stroll,STR,Aston Martin Aramco Mercedes,71,+40.845s,10
brazil,2023,20,6,55,Carlos,Sainz,SAI,Ferrari,71,+50.188s,8
brazil,2023,20,7,10,Pierre,Gasly,GAS,Alpine Renault,71,+56.093s,6
brazil,2023,20,8,44,Lewis,Hamilton,HAM,Mercedes,71,+62.859s,4
brazil,2023,20,9,22,Yuki,Tsunoda,TSU,AlphaTauri Honda RBPT,71,+69.880s,2
brazil,2023,20,10,31,Esteban,Ocon,OCO,Alpine Renault,70,+1 lap,1
brazil,2023,20,11,2,Logan,Sargeant,SAR,Williams Mercedes,70,+1 lap,0
brazil,2023,20,12,27,Nico,Hulkenberg,HUL,Haas Ferrari,70,+1 lap,0
brazil,2023,20,13,3,Daniel,Ricciardo,RIC,AlphaTauri Honda RBPT,70,+1 lap,0
brazil,2023,20,14,81,Oscar,Piastri,PIA,McLaren Mercedes,69,+2 laps,0
brazil,2023,20,NC,63,George,Russell,RUS,Mercedes,57,DNF,0
brazil,2023,20,NC,77,Valtteri,Bottas,BOT,Alfa Romeo Ferrari,39,DNF,0
brazil,2023,20,NC,24,Guanyu,Zhou,ZHO,Alfa Romeo Ferrari,22,DNF,0
brazil,2023,20,NC,20,Kevin,Magnussen,MAG,Haas Ferrari,0,DNF,0
brazil,2023,20,NC,23,Alexander,Albon,ALB,Williams Mercedes,0,DNF,0
brazil,2023,20,NC,16,Charles,Leclerc,LEC,Ferrari,0,DNS,0
las-vegas,2023,21,1,1,Max,Verstappen,VER,Red Bull Racing Honda RBPT,50,1:29:08.289,25
las-vegas,2023,21,2,16,Charles,Leclerc,LEC,Ferrari,50,+2.070s,18
las-vegas,2023,21,3,11,Sergio,Perez,PER,Red Bull Racing Honda RBPT,50,+2.241s,15
las-vegas,2023,21,4,31,Esteban,Ocon,OCO,Alpine Renault,50,+18.665s,12
las-vegas,2023,21,5,18,Lance,Stroll,STR,Aston Martin Aramco Mercedes,50,+20.067s,10
las-vegas,2023,21,6,55,Carlos,Sainz,SAI,Ferrari,50,+20.834s,8
las-vegas,2023,21,7,44,Lewis,Hamilton,HAM,Mercedes,50,+21.755s,6
las-vegas,2023,21,8,63,George,Russell,RUS,Mercedes,50,+23.091s,4
las-vegas,2023,21,9,14,Fernando,Alonso,ALO,Aston Martin Aramco Mercedes,50,+25.964s,2
las-vegas,2023,21,10,81,Oscar,Piastri,PIA,McLaren Mercedes,50,+29.496s,2
las-vegas,2023,21,11,10,Pierre,Gasly,GAS,Alpine Renault,50,+34.270s,0
las-vegas,2023,21,12,23,Alexander,Albon,ALB,Williams Mercedes,50,+43.398s,0
las-vegas,2023,21,13,20,Kevin,Magnussen,MAG,Haas Ferrari,50,+44.825s,0
las-vegas,2023,21,14,3,Daniel,Ricciardo,RIC,AlphaTauri Honda RBPT,50,+48.525s,0
las-vegas,2023,21,15,24,Guanyu,Zhou,ZHO,Alfa Romeo Ferrari,50,+50.162s,0
las-vegas,2023,21,16,2,Logan,Sargeant,SAR,Williams Mercedes,50,+50.882s,0
las-vegas,2023,21,17,77,Valtteri,Bottas,BOT,Alfa Romeo Ferrari,50,+85.350s,0
las-vegas,2023,21,18,22,Yuki,Tsunoda,TSU,AlphaTauri Honda RBPT,46,DNF,0
las-vegas,2023,21,19,27,Nico,Hulkenberg,HUL,Haas Ferrari,45,DNF,0
las-vegas,2023,21,NC,4,Lando,Norris,NOR,McLaren Mercedes,2,DNF,0
abu-dhabi,2023,22,1,1,Max,Verstappen,VER,Red Bull Racing Honda RBPT,58,1:27:02.624,26
abu-dhabi,2023,22,2,16,Charles,Leclerc,LEC,Ferrari,58,+17.993s,18
abu-dhabi,2023,22,3,63,George,Russell,RUS,Mercedes,58,+20.328s,15
abu-dhabi,2023,22,4,11,Sergio,Perez,PER,Red Bull Racing Honda RBPT,58,+21.453s,12
abu-dhabi,2023,22,5,4,Lando,Norris,NOR,McLaren Mercedes,58,+24.284s,10
abu-dhabi,2023,22,6,81,Oscar,Piastri,PIA,McLaren Mercedes,58,+31.487s,8
abu-dhabi,2023,22,7,14,Fernando,Alonso,ALO,Aston Martin Aramco Mercedes,58,+39.512s,6
abu-dhabi,2023,22,8,22,Yuki,Tsunoda,TSU,AlphaTauri Honda RBPT,58,+43.088s,4
abu-dhabi,2023,22,9,44,Lewis,Hamilton,HAM,Mercedes,58,+44.424s,2
abu-dhabi,2023,22,10,18,Lance,Stroll,STR,Aston Martin Aramco Mercedes,58,+55.632s,1
abu-dhabi,2023,22,11,3,Daniel,Ricciardo,RIC,AlphaTauri Honda RBPT,58,+56.229s,0
abu-dhabi,2023,22,12,31,Esteban,Ocon,OCO,Alpine Renault,58,+66.373s,0
abu-dhabi,2023,22,13,10,Pierre,Gasly,GAS,Alpine Renault,58,+70.360s,0
abu-dhabi,2023,22,14,23,Alexander,Albon,ALB,Williams Mercedes,58,+73.184s,0
abu-dhabi,2023,22,15,27,Nico,Hulkenberg,HUL,Haas Ferrari,58,+83.696s,0
abu-dhabi,2023,22,16,2,Logan,Sargeant,SAR,Williams Mercedes,58,+87.791s,0
abu-dhabi,2023,22,17,24,Guanyu,Zhou,ZHO,Alfa Romeo Ferrari,58,+89.422s,0
abu-dhabi,2023,22,18,55,Carlos,Sainz,SAI,Ferrari,57,DNF,0
abu-dhabi,2023,22,19,77,Valtteri,Bottas,BOT,Alfa Romeo Ferrari,57,+1 lap,0
abu-dhabi,2023,22,20,20,Kevin,Magnussen,MAG,Haas Ferrari,57,+1 lap,0
